KP0289_AC_WP20,uni
KP0291_AC_WP20,bi
KP0292_AC_WP20,bi
KP0294_AC_WP20,uni
KP0296_AC_WP20,bi
KP0301_AC_WP20,bi
KP0304_AC_WP20,bi
KP0305_AC_WP20,bi
KP0311_AC_WP20,bi
KP0317_AC_WP20,bi
KP0323_AC_WP20,bi
KP0326_AC_WP20,bi
KP0329_AC_WP20,bi/uni
KP0332_AC_WP20,bi
KP0335_AC_WP20,bi
KP0340_AC_WP20,uni
KP0346_AC_WP20,bi
KP0347_AC_WP20,uni
KP0354_AC_WP20,bi
KP0355_AC_WP20,bi
KP0362_AC_WP20,bi
KP0365_AC_WP20,bi
KP0368_AC_WP20,bi
KP0369_AC_WP20,bi/uni
KP0372_AC_WP20,bi
KP0374_AC_WP20,bi
KP0379_AC_WP20,bi
KP0382_AC_WP20,bi
KP0396_AC_WP20,bi
KP0405_AC_WP20,bi
KP0450_AC_WP20,bi
KP0454_AC_WP20,bi
KP0457_AC_WP20,bi
KP0462_AC_WP20,bi/uni
KP0463_AC_WP20,bi/uni
KP0464_AC_WP20,uni
KP0468_AC_WP20,bi
KP0470_AC_WP20,bi
KP0471_AC_WP20,bi
KP0477_AC_WP20,bi
KP0479_AC_WP20,bi
KP0481_AC_WP20,bi
KP0484_AC_WP20,uni
KP0485_AC_WP20,bi/uni
KP0487_AC_WP20,bi
KP0489_AC_WP20,bi
KP0490_AC_WP20,bi
KP0494_AC_WP20,bi
KP0499_AC_WP20,bi
KP0505_AC_WP20,bi
KP0508_AC_WP20,bi/uni
KP0512_AC_WP20,bi
KP0516_AC_WP20,bi
KP0521_AC_WP20,bi
KP0523_AC_WP20,bi/uni
KP0530_AC_WP20,bi
KP0532_AC_WP20,bi
KP0533_AC_WP20,bi/uni
KP0535_AC_WP20,bi
KP0536_AC_WP20,bi
KP0537_AC_WP20,bi
KP0545_AC_WP20,bi
KP0554_AC_WP20,bi
KP0559_AC_WP20,bi/uni
KP0563_AC_WP20,bi
KP0568_AC_WP20,bi
KP0569_AC_WP20,bi
KP0571_AC_WP20,bi
KP0572_AC_WP20,bi
KP0579_AC_WP20,bi
KP0626_AC_SB20,uni
KP0636_AC_SB20,bi
KP0638_AC_SB20,bi
KP0640_AC_SB20,uni
KP0643_AC_SB20,uni
KP0646_AC_SB20,bi
KP0647_AC_SB20,bi/uni
KP0648_AC_SB20,bi/uni
KP0649_AC_SB20,bi/uni
KP0652_AC_SB20,bi
KP0654_AC_SB20,bi
KP0660_AC_SB20,bi
KP0661_AC_SB20,bi
KP0662_AC_SB20,bi/uni
KP0665_AC_SB20,bi/uni
KP0668_AC_SB20,bi
KP0678_AC_SB20,uni
KP0679_AC_SB20,bi
KP0686_AC_SB20,bi
KP0688_AC_SB20,bi/uni
KP0690_AC_SB20,bi
KP0691_AC_SB20,bi
KP0696_AC_SB20,uni
KP0698_AC_SB20,uni
KP0703_AC_SB20,bi
KP0704_AC_SB20,bi
KP0708_AC_SB20,uni
KP0711_AC_SB20,bi
KP0712_AC_SB20,uni
KP0714_AC_SB20,bi
KP0717_AC_SB20,uni
KP0720_AC_SB20,bi
KP0724_AC_SB20,bi
KP0727_AC_SB20,bi
KP0730_AC_SB20,bi
KP0734_AC_SB20,bi